,method_system,fpr_target,AUROC_defect_screening_mean,AUROC_defect_screening_std,AUPRC_defect_screening_mean,AUPRC_defect_screening_std,TPR_defect@FPR_mean,TPR_defect@FPR_std,TPR_unknown@FPR_mean,TPR_unknown@FPR_std,...,balanced_acc_3way_mean,balanced_acc_3way_std,macro_f1_3way_mean,macro_f1_3way_std,train_sec_mean,train_sec_std,infer_sec_per_image_mean,infer_sec_per_image_std,total_split_sec_mean,total_split_sec_std
0,one_stage_global_mahalanobis,0.05,0.65091,0.100137,0.799335,0.098087,0.21312,0.162041,0.059702,0.04685,...,0.405285,0.045659,0.305815,0.093944,439.266448,228.382933,0.011094,0.000462,610.643499,220.619598
1,one_stage_global_mahalanobis,0.1,0.65091,0.100137,0.799335,0.098087,0.297756,0.194867,0.098581,0.074733,...,0.426796,0.05628,0.342291,0.094842,439.266448,228.382933,0.011094,0.000462,610.653623,220.613201
2,one_stage_global_mahalanobis,0.15,0.65091,0.100137,0.799335,0.098087,0.358176,0.182257,0.129991,0.102753,...,0.434124,0.054092,0.35843,0.086081,439.266448,228.382933,0.011094,0.000462,610.662936,220.608243
3,one_stage_global_mahalanobis,0.2,0.65091,0.100137,0.799335,0.098087,0.419414,0.177251,0.155994,0.128763,...,0.441108,0.050995,0.37241,0.082768,439.266448,228.382933,0.011094,0.000462,610.66987,220.606513
4,two_stage_cflow,0.05,0.533001,0.049221,0.650312,0.058964,0.345079,0.141471,0.031157,0.042007,...,0.358834,0.064822,0.311169,0.056755,20852,0,0.000052,0.000007,20852.03844,0.00377
5,two_stage_cflow,0.1,0.533001,0.049221,0.650312,0.058964,0.431945,0.155793,0.045324,0.047586,...,0.348871,0.070103,0.312477,0.060369,20852,0,0.000052,0.000007,20852.03844,0.00377
6,two_stage_cflow,0.15,0.533001,0.049221,0.650312,0.058964,0.520197,0.161231,0.061806,0.058315,...,0.342268,0.068874,0.310127,0.056887,20852,0,0.000052,0.000007,20852.03844,0.00377